subsector,0
Buildings,1493895.8478430633
Electricity infrastructure,53703.47925223838
Other civil engineering,130768.36164381224
Railways,36835.9805344142
Roads,246996.14058907973
